 USE College;
 /* Data for Student_parents */
 
insert into department(id,departmentName) values (1,'Mathematics');
insert into department(id,departmentName) values (2,'Science');
insert into department(id,departmentName) values (3,'Humanities');
insert into department(id,departmentName) values (4,'English');
insert into department(id,departmentName) values (5,'Craft & Technology');
insert into department(id,departmentName) values (6,'Physical Education');
insert into department(id,departmentName) values (7,'Information Technology');
 
 /* Data for Student */


insert into student (id,firstname,lastname,street,streetdetail,city,state,postalcode,majorId) values (1,'Guadalupe','Donoghue','8483 Adams St.','','Elgin','IL','60120',4);
insert into student (id,firstname,lastname,street,streetdetail,city,state,postalcode,majorId) values (2,'Raye','Selig','7731 Jockey Hollow Street','','Somerset','NJ','08873',3);
insert into student (id,firstname,lastname,street,streetdetail,city,state,postalcode,majorId) values (3,'Vivien','Ragusa','35 W. Spring Lane','','Vienna','VA','22180',1);
insert into student (id,firstname,lastname,street,streetdetail,city,state,postalcode,majorId) values (4,'Georgette','Darcy','202A El Dorado St.','','Rockaway','NJ','07866',10);
insert into student (id,firstname,lastname,street,streetdetail,city,state,postalcode,majorId) values (5,'Mui','Toller','814 Nicolls Ave.','','Cumberland','RI','02864',3);
insert into student (id,firstname,lastname,street,streetdetail,city,state,postalcode,majorId) values (6,'Sunny','Loveless','7292 Squaw Creek St.','','Mcallen','TX','78501',1);
insert into student (id,firstname,lastname,street,streetdetail,city,state,postalcode,majorId) values (7,'France','Bissonette','9372 Walnutwood Drive','Apt 73','Circle Pines','MN','55014',6);
insert into student (id,firstname,lastname,street,streetdetail,city,state,postalcode,majorId) values (8,'Spring','Pekar','55 West Bridgeton Ave.','','Commack','NY','11725',6);
insert into student (id,firstname,lastname,street,streetdetail,city,state,postalcode,majorId) values (9,'Emmett','Gilbride','9 N. Hudson Lane','','Newburgh','NY','12550',3);
insert into student (id,firstname,lastname,street,streetdetail,city,state,postalcode,majorId) values (10,'Mi','Raiford','27 Devon St.','','Centreville','VA','20120',1);
insert into student (id,firstname,lastname,street,streetdetail,city,state,postalcode,majorId) values (11,'Russel','Neloms','74 Hartford St.','','Hummelstown','PA','17036',6);
insert into student (id,firstname,lastname,street,streetdetail,city,state,postalcode,majorId) values (12,'Odilia','Gilkison','619 South Grand Street','','Culpeper','VA','22701',0);
insert into student (id,firstname,lastname,street,streetdetail,city,state,postalcode,majorId) values (13,'Lili','Gran','29 East Helen St.','','New Milford','CT','06776',6);
insert into student (id,firstname,lastname,street,streetdetail,city,state,postalcode,majorId) values (14,'Tiffaney','Grantham','8319 Lees Creek St.','','Framingham','MA','01701',5);
insert into student (id,firstname,lastname,street,streetdetail,city,state,postalcode,majorId) values (15,'Kesha','Hurdle','387 Church Drive','','Sykesville','MD','21784',1);
insert into student (id,firstname,lastname,street,streetdetail,city,state,postalcode,majorId) values (16,'Camellia','Schenck','2 Johnson Avenue','','Temple Hills','MD','20748',7);
insert into student (id,firstname,lastname,street,streetdetail,city,state,postalcode,majorId) values (17,'Mariann','Fiorini','5 Baker Ave.','','Marysville','OH','43040',1);
insert into student (id,firstname,lastname,street,streetdetail,city,state,postalcode,majorId) values (18,'Marcell','Sturdevant','797 Lake View Ave.','','Aliquippa','PA','15001',4);
insert into student (id,firstname,lastname,street,streetdetail,city,state,postalcode,majorId) values (19,'Trinidad','Cusic','8271 Lower River Road','','Nazareth','PA','18064',2);
insert into student (id,firstname,lastname,street,streetdetail,city,state,postalcode,majorId) values (20,'Otilia','Wiener','356 Lyme Avenue','','San Antonio','TX','78213',7);
insert into student (id,firstname,lastname,street,streetdetail,city,state,postalcode,majorId) values (21,'Maryellen','Maybee','8815 Bradford Ave.','','Cary','NC','27511',2);
insert into student (id,firstname,lastname,street,streetdetail,city,state,postalcode,majorId) values (22,'Lorilee','Frenz','7 Canal Street','','Muskegon','MI','49441',5);
insert into student (id,firstname,lastname,street,streetdetail,city,state,postalcode,majorId) values (23,'Marcela','Ortez','7655 Strawberry St.','','Ottawa','IL','61350',8);
insert into student (id,firstname,lastname,street,streetdetail,city,state,postalcode,majorId) values (24,'Cassey','Pizzuto','88 Crescent Drive','','New Bedford','MA','02740',3);
insert into student (id,firstname,lastname,street,streetdetail,city,state,postalcode,majorId) values (25,'Denis','Kriger','7613 Clark Avenue','','Mooresville','NC','28115',4);
insert into student (id,firstname,lastname,street,streetdetail,city,state,postalcode,majorId) values (26,'Cathleen','Woolfolk','9210 Blackburn Dr.','','Merrimack','NH','03054',1);
insert into student (id,firstname,lastname,street,streetdetail,city,state,postalcode,majorId) values (27,'Wilson','Chason','776 Locust Ave.','','North Wales','PA','19454',8);
insert into student (id,firstname,lastname,street,streetdetail,city,state,postalcode,majorId) values (28,'Leandro','Irwin','60 El Dorado Road','','Mason','OH','45040',5);
insert into student (id,firstname,lastname,street,streetdetail,city,state,postalcode,majorId) values (29,'Nathalie','Hur','934 West Fairway St.','','Hoboken','NJ','07030',5);
insert into student (id,firstname,lastname,street,streetdetail,city,state,postalcode,majorId) values (30,'Shaquita','Ronan','325 W. Jefferson Road','','Clementon','NJ','08021',-3);
insert into student (id,firstname,lastname,street,streetdetail,city,state,postalcode,majorId) values (31,'Lydia','Regan','5 Evergreen Rd.','','Akron','OH','44312',2);
insert into student (id,firstname,lastname,street,streetdetail,city,state,postalcode,majorId) values (32,'Cicely','Moye','7945 Fairground Ave.','','Braintree','MA','02184',7);
insert into student (id,firstname,lastname,street,streetdetail,city,state,postalcode,majorId) values (33,'Babara','Felker','8111 Oak Meadow St.','','Danville','VA','24540',7);
insert into student (id,firstname,lastname,street,streetdetail,city,state,postalcode,majorId) values (34,'Marylin','Starkweather','179 Leatherwood St.','','Philadelphia','PA','19111',2);
insert into student (id,firstname,lastname,street,streetdetail,city,state,postalcode,majorId) values (35,'Marilou','Holleman','28 Maple Lane','','Cedar Falls','IA','50613',1);
insert into student (id,firstname,lastname,street,streetdetail,city,state,postalcode,majorId) values (36,'Eleanor','Sottile','9 Lancaster Drive','','Davison','MI','48423',3);
insert into student (id,firstname,lastname,street,streetdetail,city,state,postalcode,majorId) values (37,'Towanda','Fedor','631 Carson Ave.','','Meriden','CT','06450',6);
insert into student (id,firstname,lastname,street,streetdetail,city,state,postalcode,majorId) values (38,'Rheba','Rampton','378 Silver Spear Drive','','Cary','NC','27511',8);
insert into student (id,firstname,lastname,street,streetdetail,city,state,postalcode,majorId) values (39,'Carmella','Caicedo','89 Green St.','','Framingham','MA','01701',4);
insert into student (id,firstname,lastname,street,streetdetail,city,state,postalcode,majorId) values (40,'Delphine','Staub','9809 N. Rockledge Avenue','','San Lorenzo','CA','94580',7);
insert into student (id,firstname,lastname,street,streetdetail,city,state,postalcode,majorId) values (41,'Earleen','Mcclanahan','48 Fieldstone Drive','','Hollis','NY','11423',5);
insert into student (id,firstname,lastname,street,streetdetail,city,state,postalcode,majorId) values (42,'Kacey','Iannotti','99 Newbridge Ave.','','Pleasanton','CA','94566',5);
insert into student (id,firstname,lastname,street,streetdetail,city,state,postalcode,majorId) values (43,'Johana','Jolley','5 North Walnutwood Drive','','Upper Darby','PA','19082',5);
insert into student (id,firstname,lastname,street,streetdetail,city,state,postalcode,majorId) values (44,'Kali','Distefano','468 East Pin Oak St.','','Wilmette','IL','60091',2);
insert into student (id,firstname,lastname,street,streetdetail,city,state,postalcode,majorId) values (45,'Brande','Tinney','816 Creek Drive','','Morristown','NJ','07960',5);
insert into student (id,firstname,lastname,street,streetdetail,city,state,postalcode,majorId) values (46,'Trenton','Fling','859 Hill Street','','Lake Zurich','IL','60047',6);
insert into student (id,firstname,lastname,street,streetdetail,city,state,postalcode,majorId) values (47,'Roni','Madry','9944 Silver Spear Street','','Opa Locka','FL','33054',3);
insert into student (id,firstname,lastname,street,streetdetail,city,state,postalcode,majorId) values (48,'Lynnette','Luck','733 Johnson St.','','Navarre','FL','32566',6);
insert into student (id,firstname,lastname,street,streetdetail,city,state,postalcode,majorId) values (49,'Dorothy','Cornette','9290 Whitemarsh Dr.','','Fernandina Beach','FL','32034',20);
insert into student (id,firstname,lastname,street,streetdetail,city,state,postalcode,majorId) values (50,'Britta','Kittle','7540 West Mill Road','','Gallatin','TN','37066',7);

/* Data for course */

insert into course  values (1,888,'Accounting & Finance',2);
insert into course values (2,87689,'Aeronautical & Manufacturing Engineering',4);
insert into course  values (3,86788,'Agriculture & Forestry',7);
insert into course  values (4,66888,'American Studies',3);
insert into course  values (5,8688,'Anatomy & Physiology',6);
insert into course  values (6,8588,'Anthropology',7);
insert into course  values (7,887688,'Archaeology',7);
insert into course  values (8,88878,'Architecture',4);
insert into course values (9,88878,'Art & Design',1);
insert into course  values (10,88788,'Aural & Oral Sciences',7);
insert into course  values (11,88788,'Biological Sciences',7);
insert into course  values (12,87888,'Building',4);
insert into course values (13,66888,'Business & Management Studies',2);
insert into course  values (14,85588,'Celtic Studies',3);
insert into course  values (15,864388,'Chemical Engineering',4);
insert into course  values (16,88658,'Chemistry',7);
insert into course  values (17,88648,'Civil Engineering',4);
insert into course  values (18,82388,'Classics & Ancient History',3);
insert into course  values (19,85488,'Communication & Media Studies',2);
insert into course  values (20,82388,'Complementary Medicine',6);
insert into course  values (21,88438,'Computer Science',5);
insert into course  values (22,82388,'Counselling',6);
insert into course  values (23,80788,'Creative Writing',1);
insert into course  values (24,80788,'Criminology',7);
insert into course  values (25,809888,'Dentistry',6);
insert into course  values (26,80988,'Drama, Dance & Cinematics',1);
insert into course values (27,89988,'East & South Asian Studies',3);
insert into course  values (28,800088,'Economics',2);
insert into course  values (29,80088,'Education',8);
insert into course  values (30,8088,'Electrical & Electronic Engineering',4);
insert into course  values (31,889398,'English',3);
insert into course  values (32,8653288,'Fashion',1);
insert into course  values (33,878688,'Film Making',1);
insert into course  values (34,854388,'Food Science',7);
insert into course  values (35,855488,'Forensic Science',7);
insert into course  values (36,843388,'French',3);
insert into course values (37,82388,'Geography & Environmental Sciences',7);
insert into course  values (38,8776588,'Geology',7);
insert into course  values (39,87688,'General Engineering',4);
insert into course  values (40,889758,'German',3);
insert into course  values (41,44321,'History',3);
insert into course  values (42,4433,'History of Art, Architecture & Design',1);
insert into course  values (43,24234,'Hospitality, Leisure, Recreation & Tourism',2);
insert into course  values (44,3232,'Iberian Languages/Hispanic Studies',3);
insert into course  values (45,66654,'Italian',3);
insert into course  values (46,8654388,'Land & Property Management',2);
insert into course  values (47,887688,'Law',2);
insert into course values (48,866488,'Librarianship & Information Management',5);
insert into course  values (49,877588,'Linguistics',3);
insert into course  values (50,85688,'Marketing',2);
insert into course  values (51,87688,'Materials Technology',4);
insert into course  values (52,876688,'Mathematics',7);
insert into course  values (53,88768,'Mechanical Engineering',4);
insert into course  values (54,765588,'Medical Technology',6);
insert into course  values (55,846388,'Medicine',6);
insert into course values (56,865588,'Middle Eastern & African Studies',3);
insert into course  values (57,88658,'Music',1);
insert into course  values (58,875488,'Nursing',6);
insert into course  values (59,546,'Occupational Therapy',6);
insert into course  values (60,7776,'Optometry, Ophthalmology & Orthoptics',6);
insert into course  values (61,777,'Pharmacology & Pharmacy',6);
insert into course  values (62,7676,'Philosophy',3);
insert into course  values (63,88855,'Physics and Astronomy',7);
insert into course  values (64,8843,'Physiotherapy',6);
insert into course  values (65,88821,'Politics',3);
insert into course  values (66,88811,'Psychology',6);
insert into course  values (67,8881,'Robotics',5);
insert into course values (68,88821,'Russian & East European Languages',3);
insert into course  values (69,8884,'Social Policy',8);
insert into course  values (70,8883,'Social Work',8);
insert into course  values (71,8883,'Sociology',8);
insert into course  values (72,8884,'Sports Science',6);
insert into course values (73,8885,'Theology & Religious Studies',3);
insert into course  values (74,8886,'Veterinary Medicine',6);
insert into course  values (75,88888,'Youth Work',8);
insert into course  values (76,8888,'Cyber Security',5);

 
 
 
 insert into student_parents(parent_id, id, P_first_name, P_last_name) values (111 ,1, 'Margarita','Prifti');
insert into student_parents(parent_id, id, P_first_name, P_last_name) values (112 ,2, 'Lira','Gjikoka');
insert into student_parents(parent_id, id, P_first_name, P_last_name) values (113 ,3, 'Lili','Dervishi');
insert into student_parents(parent_id, id, P_first_name, P_last_name) values (114 ,4, 'Irisa','Hoxha');
insert into student_parents(parent_id, id, P_first_name, P_last_name) values (115 ,5, 'Alba','Kokomani');
insert into student_parents(parent_id, id, P_first_name, P_last_name) values (116 ,6, 'Marka','Pamelo');
insert into student_parents(parent_id, id, P_first_name, P_last_name) values (117 ,7, 'amira','harb');
insert into student_parents(parent_id, id, P_first_name, P_last_name) values (118 ,8, 'lara','kamile');
insert into student_parents(parent_id, id, P_first_name, P_last_name) values (119 ,9, 'lynn','ghazal');
insert into student_parents(parent_id, id, P_first_name, P_last_name) values (120 ,10, 'carol','ayash');
insert into student_parents(parent_id, id, P_first_name, P_last_name) values (121 ,11, 'souzan','Prifti');
insert into student_parents(parent_id, id, P_first_name, P_last_name) values (122 ,12, 'Arben','Tabaku');
insert into student_parents(parent_id, id, P_first_name, P_last_name) values (123 ,13, 'Adhurim','Isufaj');
insert into student_parents(parent_id, id, P_first_name, P_last_name) values (124 ,12, 'Olger','Mebelli');
insert into student_parents(parent_id, id, P_first_name, P_last_name) values (187 ,15, 'David','Cuci');
insert into student_parents(parent_id, id, P_first_name, P_last_name) values (125,16, 'Antonela','Kalashi');
insert into student_parents(parent_id, id, P_first_name, P_last_name) values (126,17, 'Endri','Brahimi');
insert into student_parents(parent_id, id, P_first_name, P_last_name) values (127,18, 'Kujtim','Cami');
insert into student_parents(parent_id, id, P_first_name, P_last_name) values (128,19,'Florie','Korani');
insert into student_parents(parent_id, id, P_first_name, P_last_name) values (129,20, 'hiba','rahhal');
insert into student_parents(parent_id, id, P_first_name, P_last_name) values (130,21,'maya','shmeis');
insert into student_parents(parent_id, id, P_first_name, P_last_name) values (140,22, 'shirine','helbawi');
insert into student_parents(parent_id, id, P_first_name, P_last_name) values (141 ,23, 'layla','tawfic');
insert into student_parents(parent_id, id, P_first_name, P_last_name) values (142 ,24, 'carla','hajj');
insert into student_parents(parent_id, id, P_first_name, P_last_name) values (143 ,25, 'reem','saado');
insert into student_parents(parent_id, id, P_first_name, P_last_name) values (144 ,26, 'Maria','hajj');
insert into student_parents(parent_id, id, P_first_name, P_last_name) values (145 ,27, 'hawraa','alawieh');
insert into student_parents(parent_id, id, P_first_name, P_last_name) values (146 ,28, 'layal','Priftiss');
insert into student_parents(parent_id, id, P_first_name, P_last_name) values (147 ,29, 'farah','berry');
insert into student_parents(parent_id, id, P_first_name, P_last_name) values (148 ,30, 'jinan','baalabki');
insert into student_parents(parent_id, id, P_first_name, P_last_name) values (149 ,31, 'ahmad','nasser');
insert into student_parents(parent_id, id, P_first_name, P_last_name) values (150 ,32, 'ali','naji');
insert into student_parents(parent_id, id, P_first_name, P_last_name) values (151 ,33, 'rabih','nehme');
insert into student_parents(parent_id, id, P_first_name, P_last_name) values (152 ,34, 'sobhi','aboughali');
insert into student_parents(parent_id, id, P_first_name, P_last_name) values (153 ,35, 'rita','shamas');
insert into student_parents(parent_id, id, P_first_name, P_last_name) values (154 ,36, 'naia','Priftos');
insert into student_parents(parent_id, id, P_first_name, P_last_name) values (155 ,37, 'wael','jasar');
insert into student_parents(parent_id, id, P_first_name, P_last_name) values (156 ,38, 'omar','laban');
insert into student_parents(parent_id, id, P_first_name, P_last_name) values (157 ,39, 'Mphamad','sleiman');
insert into student_parents(parent_id, id, P_first_name, P_last_name) values (158 ,40, 'yara','rez');
insert into student_parents(parent_id, id, P_first_name, P_last_name) values (159 ,41, 'lamis','Pkanshu');
insert into student_parents(parent_id, id, P_first_name, P_last_name) values (160 ,42, 'ghadija','hola');
insert into student_parents(parent_id, id, P_first_name, P_last_name) values (161 ,43, 'angelina','mikhaylova');
insert into student_parents(parent_id, id, P_first_name, P_last_name) values (162 ,44, 'georgina','Panshu');
insert into student_parents(parent_id, id, P_first_name, P_last_name) values (163 ,45, 'karen','mheidly');
insert into student_parents(parent_id, id, P_first_name, P_last_name) values (164 ,46, 'samira','safwan');
insert into student_parents(parent_id, id, P_first_name, P_last_name) values (165 ,47, 'razan','katerji');
insert into student_parents(parent_id, id, P_first_name, P_last_name) values (166 ,48, 'issa','panda');
insert into student_parents(parent_id, id, P_first_name, P_last_name) values (167 ,49, 'Mahmoud','fawaz');
insert into student_parents(parent_id, id, P_first_name, P_last_name) values (168 ,50, 'oussam','ahouzi');


/* Data for StudentCourse */


insert into studentCourse (StudentId,CourseId,Progress,StartDate) values (1,51,58,date '2021-01-25');
insert into studentCourse (StudentId,CourseId,Progress,StartDate) values (1,30,66,date '2021-01-25');
insert into studentCourse (StudentId,CourseId,Progress,StartDate) values (1,52,85,date '2021-08-25');
insert into studentCourse (StudentId,CourseId,Progress,StartDate) values (1,61,54,date '2021-01-25');
insert into studentCourse (StudentId,CourseId,Progress,StartDate) values (2,41,64,date '2021-01-25');
insert into studentCourse (StudentId,CourseId,Progress,StartDate) values (2,44,40,date '2021-01-25');
insert into studentCourse (StudentId,CourseId,Progress,StartDate) values (2,63,66,date '2021-01-25');
insert into studentCourse (StudentId,CourseId,Progress,StartDate) values (2,53,58,date '2021-08-25');
insert into studentCourse (StudentId,CourseId,Progress,StartDate) values (3,57,53,date '2021-08-25');
insert into studentCourse (StudentId,CourseId,Progress,StartDate) values (3,42,82,date '2021-08-25');
insert into studentCourse (StudentId,CourseId,Progress,StartDate) values (3,46,36,date '2021-08-25');
insert into studentCourse (StudentId,CourseId,Progress,StartDate) values (4,72,81,date '2021-01-25');
insert into studentCourse (StudentId,CourseId,Progress,StartDate) values (4,74,50,date '2021-08-25');
insert into studentCourse (StudentId,CourseId,Progress,StartDate) values (4,18,82,date '2021-08-25');
insert into studentCourse (StudentId,CourseId,Progress,StartDate) values (4,58,43,date '2021-01-25');
insert into studentCourse (StudentId,CourseId,Progress,StartDate) values (5,44,52,date '2021-01-25');
insert into studentCourse (StudentId,CourseId,Progress,StartDate) values (5,4,49,date '2021-01-25');
insert into studentCourse (StudentId,CourseId,Progress,StartDate) values (5,45,84,date '2021-01-25');
insert into studentCourse (StudentId,CourseId,Progress,StartDate) values (5,51,89,date '2021-08-25');
insert into studentCourse (StudentId,CourseId,Progress,StartDate) values (6,57,88,date '2021-01-25');
insert into studentCourse (StudentId,CourseId,Progress,StartDate) values (6,9,40,date '2021-01-25');
insert into studentCourse (StudentId,CourseId,Progress,StartDate) values (6,22,87,date '2021-01-25');
insert into studentCourse (StudentId,CourseId,Progress,StartDate) values (6,62,65,date '2021-01-25');
insert into studentCourse (StudentId,CourseId,Progress,StartDate) values (7,74,40,date '2021-01-25');
insert into studentCourse (StudentId,CourseId,Progress,StartDate) values (7,64,67,date '2021-01-25');
insert into studentCourse (StudentId,CourseId,Progress,StartDate) values (7,42,68,date '2021-08-25');
insert into studentCourse (StudentId,CourseId,Progress,StartDate) values (7,65,68,date '2021-08-25');
insert into studentCourse (StudentId,CourseId,Progress,StartDate) values (7,18,66,date '2021-08-25');
insert into studentCourse (StudentId,CourseId,Progress,StartDate) values (8,60,70,date '2017-01-25');
insert into studentCourse (StudentId,CourseId,Progress,StartDate) values (8,72,83,date '2015-01-25');
insert into studentCourse (StudentId,CourseId,Progress,StartDate) values (8,9,72,date '2017-01-25');
insert into studentCourse (StudentId,CourseId,Progress,StartDate) values (8,29,84,date '2014-01-25');
insert into studentCourse (StudentId,CourseId,Progress,StartDate) values (9,65,40,date '2015-08-25');
insert into studentCourse (StudentId,CourseId,Progress,StartDate) values (9,68,55,date '2015-01-25');
insert into studentCourse (StudentId,CourseId,Progress,StartDate) values (9,33,86,date '2017-01-25');
insert into studentCourse (StudentId,CourseId,Progress,StartDate) values (9,46,51,date '2017-01-25');
insert into studentCourse (StudentId,CourseId,Progress,StartDate) values (10,42,88,date '2017-08-25');
insert into studentCourse (StudentId,CourseId,Progress,StartDate) values (10,23,49,date '2015-08-25');
insert into studentCourse (StudentId,CourseId,Progress,StartDate) values (10,74,65,date '2017-08-25');
insert into studentCourse (StudentId,CourseId,Progress,StartDate) values (10,67,55,date '2016-01-25');
insert into studentCourse (StudentId,CourseId,Progress,StartDate) values (11,61,68,date '2015-01-25');
insert into studentCourse (StudentId,CourseId,Progress,StartDate) values (11,58,49,date '2017-01-25');
insert into studentCourse (StudentId,CourseId,Progress,StartDate) values (11,24,37,date '2017-01-25');
insert into studentCourse (StudentId,CourseId,Progress,StartDate) values (11,38,40,date '2016-01-25');
insert into studentCourse (StudentId,CourseId,Progress,StartDate) values (12,23,81,date '2017-08-25');
insert into studentCourse (StudentId,CourseId,Progress,StartDate) values (12,26,38,date '2014-01-25');
insert into studentCourse (StudentId,CourseId,Progress,StartDate) values (12,29,89,date '2015-01-25');
insert into studentCourse (StudentId,CourseId,Progress,StartDate) values (13,58,57,date '2017-01-25');
insert into studentCourse (StudentId,CourseId,Progress,StartDate) values (13,74,89,date '2017-01-25');
insert into studentCourse (StudentId,CourseId,Progress,StartDate) values (13,12,41,date '2016-01-25');
insert into studentCourse (StudentId,CourseId,Progress,StartDate) values (13,66,82,date '2015-01-25');
insert into studentCourse (StudentId,CourseId,Progress,StartDate) values (14,67,87,date '2016-08-25');
insert into studentCourse (StudentId,CourseId,Progress,StartDate) values (14,21,54,date '2017-01-25');
insert into studentCourse (StudentId,CourseId,Progress,StartDate) values (14,31,41,date '2017-01-25');
insert into studentCourse (StudentId,CourseId,Progress,StartDate) values (14,4,71,date '2014-01-25');
insert into studentCourse (StudentId,CourseId,Progress,StartDate) values (15,32,68,date '2015-01-25');
insert into studentCourse (StudentId,CourseId,Progress,StartDate) values (15,33,83,date '2017-08-25');
insert into studentCourse (StudentId,CourseId,Progress,StartDate) values (15,62,41,date '2017-08-25');
insert into studentCourse (StudentId,CourseId,Progress,StartDate) values (15,66,53,date '2017-01-25');
insert into studentCourse (StudentId,CourseId,Progress,StartDate) values (16,34,71,date '2016-01-25');
insert into studentCourse (StudentId,CourseId,Progress,StartDate) values (16,3,57,date '2014-01-25');
insert into studentCourse (StudentId,CourseId,Progress,StartDate) values (16,61,73,date '2016-01-25');
insert into studentCourse (StudentId,CourseId,Progress,StartDate) values (16,49,68,date '2017-01-25');
insert into studentCourse (StudentId,CourseId,Progress,StartDate) values (17,32,45,date '2015-01-25');
insert into studentCourse (StudentId,CourseId,Progress,StartDate) values (17,33,37,date '2017-08-25');
insert into studentCourse (StudentId,CourseId,Progress,StartDate) values (17,27,50,date '2016-01-25');
insert into studentCourse (StudentId,CourseId,Progress,StartDate) values (17,13,69,date '2016-01-25');
insert into studentCourse (StudentId,CourseId,Progress,StartDate) values (18,17,66,date '2017-01-25');
insert into studentCourse (StudentId,CourseId,Progress,StartDate) values (18,8,89,date '2017-01-25');
insert into studentCourse (StudentId,CourseId,Progress,StartDate) values (18,19,44,date '2014-01-25');
insert into studentCourse (StudentId,CourseId,Progress,StartDate) values (18,68,84,date '2017-01-25');
insert into studentCourse (StudentId,CourseId,Progress,StartDate) values (19,19,55,date '2015-01-25');
insert into studentCourse (StudentId,CourseId,Progress,StartDate) values (19,46,89,date '2016-01-25');
insert into studentCourse (StudentId,CourseId,Progress,StartDate) values (19,6,83,date '2016-01-25');
insert into studentCourse (StudentId,CourseId,Progress,StartDate) values (19,71,49,date '2017-01-25');
insert into studentCourse (StudentId,CourseId,Progress,StartDate) values (20,37,87,date '2017-08-25');
insert into studentCourse (StudentId,CourseId,Progress,StartDate) values (20,16,39,date '2017-01-25');
insert into studentCourse (StudentId,CourseId,Progress,StartDate) values (20,72,69,date '2017-01-25');
insert into studentCourse (StudentId,CourseId,Progress,StartDate) values (20,15,38,date '2014-01-25');
insert into studentCourse (StudentId,CourseId,Progress,StartDate) values (21,46,68,date '2016-01-25');
insert into studentCourse (StudentId,CourseId,Progress,StartDate) values (21,28,37,date '2015-08-25');
insert into studentCourse (StudentId,CourseId,Progress,StartDate) values (21,23,43,date '2016-08-25');
insert into studentCourse (StudentId,CourseId,Progress,StartDate) values (21,66,44,date '2017-08-25');
insert into studentCourse (StudentId,CourseId,Progress,StartDate) values (22,48,53,date '2015-01-25');
insert into studentCourse (StudentId,CourseId,Progress,StartDate) values (22,67,51,date '2017-01-25');
insert into studentCourse (StudentId,CourseId,Progress,StartDate) values (22,42,73,date '2017-01-25');
insert into studentCourse (StudentId,CourseId,Progress,StartDate) values (23,71,73,date '2016-01-25');
insert into studentCourse (StudentId,CourseId,Progress,StartDate) values (23,70,45,date '2015-01-25');
insert into studentCourse (StudentId,CourseId,Progress,StartDate) values (23,43,66,date '2015-01-25');
insert into studentCourse (StudentId,CourseId,Progress,StartDate) values (23,48,58,date '2016-01-25');
insert into studentCourse (StudentId,CourseId,Progress,StartDate) values (24,41,36,date '2014-01-25');
insert into studentCourse (StudentId,CourseId,Progress,StartDate) values (24,40,85,date '2017-08-25');
insert into studentCourse (StudentId,CourseId,Progress,StartDate) values (24,32,70,date '2017-01-25');
insert into studentCourse (StudentId,CourseId,Progress,StartDate) values (24,28,64,date '2017-01-25');
insert into studentCourse (StudentId,CourseId,Progress,StartDate) values (25,30,66,date '2015-08-25');
insert into studentCourse (StudentId,CourseId,Progress,StartDate) values (25,51,45,date '2017-08-25');
insert into studentCourse (StudentId,CourseId,Progress,StartDate) values (25,73,68,date '2014-08-25');
insert into studentCourse (StudentId,CourseId,Progress,StartDate) values (25,43,72,date '2015-01-25');
insert into studentCourse (StudentId,CourseId,Progress,StartDate) values (26,9,36,date '2016-01-25');
insert into studentCourse (StudentId,CourseId,Progress,StartDate) values (26,57,38,date '2016-01-25');
insert into studentCourse (StudentId,CourseId,Progress,StartDate) values (26,21,83,date '2017-01-25');
insert into studentCourse (StudentId,CourseId,Progress,StartDate) values (26,75,70,date '2015-01-25');
insert into studentCourse (StudentId,CourseId,Progress,StartDate) values (27,71,51,date '2016-01-25');
insert into studentCourse (StudentId,CourseId,Progress,StartDate) values (27,69,85,date '2016-01-25');
insert into studentCourse (StudentId,CourseId,Progress,StartDate) values (27,73,44,date '2016-01-25');
insert into studentCourse (StudentId,CourseId,Progress,StartDate) values (27,8,50,date '2016-01-25');
insert into studentCourse (StudentId,CourseId,Progress,StartDate) values (27,37,52,date '2016-01-25');
insert into studentCourse (StudentId,CourseId,Progress,StartDate) values (28,67,39,date '2017-08-25');
insert into studentCourse (StudentId,CourseId,Progress,StartDate) values (28,76,73,date '2017-08-25');
insert into studentCourse (StudentId,CourseId,Progress,StartDate) values (28,1,70,date '2015-01-25');
insert into studentCourse (StudentId,CourseId,Progress,StartDate) values (28,53,83,date '2017-01-25');
insert into studentCourse (StudentId,CourseId,Progress,StartDate) values (29,67,67,date '2017-01-25');
insert into studentCourse (StudentId,CourseId,Progress,StartDate) values (29,76,41,date '2017-01-25');
insert into studentCourse (StudentId,CourseId,Progress,StartDate) values (29,44,81,date '2017-01-25');
insert into studentCourse (StudentId,CourseId,Progress,StartDate) values (29,59,51,date '2017-01-25');
insert into studentCourse (StudentId,CourseId,Progress,StartDate) values (29,2,55,date '2017-01-25');
insert into studentCourse (StudentId,CourseId,Progress,StartDate) values (30,75,70,date '2016-01-25');
insert into studentCourse (StudentId,CourseId,Progress,StartDate) values (30,71,72,date '2015-08-25');
insert into studentCourse (StudentId,CourseId,Progress,StartDate) values (30,39,69,date '2017-08-25');
insert into studentCourse (StudentId,CourseId,Progress,StartDate) values (30,24,71,date '2016-01-25');
insert into studentCourse (StudentId,CourseId,Progress,StartDate) values (31,43,70,date '2017-01-25');
insert into studentCourse (StudentId,CourseId,Progress,StartDate) values (31,50,57,date '2017-01-25');
insert into studentCourse (StudentId,CourseId,Progress,StartDate) values (31,75,70,date '2015-01-25');
insert into studentCourse (StudentId,CourseId,Progress,StartDate) values (31,30,83,date '2016-01-25');
insert into studentCourse (StudentId,CourseId,Progress,StartDate) values (32,63,44,date '2014-01-25');
insert into studentCourse (StudentId,CourseId,Progress,StartDate) values (32,16,82,date '2017-01-25');
insert into studentCourse (StudentId,CourseId,Progress,StartDate) values (32,69,50,date '2017-01-25');
insert into studentCourse (StudentId,CourseId,Progress,StartDate) values (33,34,71,date '2016-08-25');
insert into studentCourse (StudentId,CourseId,Progress,StartDate) values (33,11,36,date '2015-01-25');
insert into studentCourse (StudentId,CourseId,Progress,StartDate) values (33,6,43,date '2015-01-25');
insert into studentCourse (StudentId,CourseId,Progress,StartDate) values (33,62,51,date '2016-01-25');
insert into studentCourse (StudentId,CourseId,Progress,StartDate) values (34,19,53,date '2016-01-25');
insert into studentCourse (StudentId,CourseId,Progress,StartDate) values (34,1,65,date '2014-01-25');
insert into studentCourse (StudentId,CourseId,Progress,StartDate) values (34,31,43,date '2017-08-25');
insert into studentCourse (StudentId,CourseId,Progress,StartDate) values (34,66,68,date '2017-01-25');
insert into studentCourse (StudentId,CourseId,Progress,StartDate) values (35,57,43,date '2017-01-25');
insert into studentCourse (StudentId,CourseId,Progress,StartDate) values (35,42,50,date '2015-01-25');
insert into studentCourse (StudentId,CourseId,Progress,StartDate) values (35,28,88,date '2016-01-25');
insert into studentCourse (StudentId,CourseId,Progress,StartDate) values (35,32,37,date '2016-01-25');
insert into studentCourse (StudentId,CourseId,Progress,StartDate) values (36,4,89,date '2017-01-25');
insert into studentCourse (StudentId,CourseId,Progress,StartDate) values (36,65,52,date '2017-01-25');
insert into studentCourse (StudentId,CourseId,Progress,StartDate) values (36,37,83,date '2017-08-25');
insert into studentCourse (StudentId,CourseId,Progress,StartDate) values (36,51,45,date '2017-08-25');
insert into studentCourse (StudentId,CourseId,Progress,StartDate) values (37,22,84,date '2017-01-25');
insert into studentCourse (StudentId,CourseId,Progress,StartDate) values (37,20,51,date '2015-01-25');
insert into studentCourse (StudentId,CourseId,Progress,StartDate) values (37,13,49,date '2014-01-25');
insert into studentCourse (StudentId,CourseId,Progress,StartDate) values (37,7,41,date '2016-08-25');
insert into studentCourse (StudentId,CourseId,Progress,StartDate) values (38,71,57,date '2015-08-25');
insert into studentCourse (StudentId,CourseId,Progress,StartDate) values (38,69,81,date '2017-08-25');
insert into studentCourse (StudentId,CourseId,Progress,StartDate) values (38,61,45,date '2014-01-25');
insert into studentCourse (StudentId,CourseId,Progress,StartDate) values (38,24,64,date '2016-01-25');
insert into studentCourse (StudentId,CourseId,Progress,StartDate) values (39,17,50,date '2017-01-25');
insert into studentCourse (StudentId,CourseId,Progress,StartDate) values (39,53,54,date '2017-01-25');
insert into studentCourse (StudentId,CourseId,Progress,StartDate) values (39,9,83,date '2015-01-25');
insert into studentCourse (StudentId,CourseId,Progress,StartDate) values (39,45,69,date '2017-01-25');
insert into studentCourse (StudentId,CourseId,Progress,StartDate) values (40,3,38,date '2014-01-25');
insert into studentCourse (StudentId,CourseId,Progress,StartDate) values (40,37,40,date '2016-01-25');
insert into studentCourse (StudentId,CourseId,Progress,StartDate) values (40,19,86,date '2017-08-25');
insert into studentCourse (StudentId,CourseId,Progress,StartDate) values (40,16,51,date '2016-08-25');
insert into studentCourse (StudentId,CourseId,Progress,StartDate) values (41,21,56,date '2017-01-25');
insert into studentCourse (StudentId,CourseId,Progress,StartDate) values (41,48,45,date '2017-01-25');
insert into studentCourse (StudentId,CourseId,Progress,StartDate) values (41,62,50,date '2017-01-25');
insert into studentCourse (StudentId,CourseId,Progress,StartDate) values (41,23,65,date '2017-08-25');
insert into studentCourse (StudentId,CourseId,Progress,StartDate) values (42,76,69,date '2017-08-25');
insert into studentCourse (StudentId,CourseId,Progress,StartDate) values (42,21,57,date '2015-01-25');
insert into studentCourse (StudentId,CourseId,Progress,StartDate) values (42,58,51,date '2016-01-25');
insert into studentCourse (StudentId,CourseId,Progress,StartDate) values (42,23,69,date '2017-08-25');
insert into studentCourse (StudentId,CourseId,Progress,StartDate) values (43,67,68,date '2016-01-25');
insert into studentCourse (StudentId,CourseId,Progress,StartDate) values (43,48,88,date '2017-01-25');
insert into studentCourse (StudentId,CourseId,Progress,StartDate) values (43,9,85,date '2017-01-25');
insert into studentCourse (StudentId,CourseId,Progress,StartDate) values (43,19,84,date '2015-01-25');
insert into studentCourse (StudentId,CourseId,Progress,StartDate) values (43,27,57,date '2014-01-25');
insert into studentCourse (StudentId,CourseId,Progress,StartDate) values (43,27,58,date '2014-01-25');
insert into studentCourse (StudentId,CourseId,Progress,StartDate) values (44,50,86,date '2015-08-25');
insert into studentCourse (StudentId,CourseId,Progress,StartDate) values (44,43,68,date '2016-08-25');
insert into studentCourse (StudentId,CourseId,Progress,StartDate) values (44,59,73,date '2016-01-25');
insert into studentCourse (StudentId,CourseId,Progress,StartDate) values (44,66,85,date '2017-08-25');
insert into studentCourse (StudentId,CourseId,Progress,StartDate) values (45,67,56,date '2017-08-25');
insert into studentCourse (StudentId,CourseId,Progress,StartDate) values (45,21,41,date '2015-08-25');
insert into studentCourse (StudentId,CourseId,Progress,StartDate) values (45,30,86,date '2017-08-25');
insert into studentCourse (StudentId,CourseId,Progress,StartDate) values (45,3,44,date '2015-08-25');
insert into studentCourse (StudentId,CourseId,Progress,StartDate) values (46,74,70,date '2017-01-25');
insert into studentCourse (StudentId,CourseId,Progress,StartDate) values (46,20,88,date '2015-01-25');
insert into studentCourse (StudentId,CourseId,Progress,StartDate) values (46,44,67,date '2017-01-25');
insert into studentCourse (StudentId,CourseId,Progress,StartDate) values (47,41,50,date '2017-01-25');
insert into studentCourse (StudentId,CourseId,Progress,StartDate) values (47,36,42,date '2015-01-25');
insert into studentCourse (StudentId,CourseId,Progress,StartDate) values (47,54,72,date '2016-01-25');
insert into studentCourse (StudentId,CourseId,Progress,StartDate) values (47,38,68,date '2016-01-25');
insert into studentCourse (StudentId,CourseId,Progress,StartDate) values (48,66,54,date '2017-01-25');
insert into studentCourse (StudentId,CourseId,Progress,StartDate) values (48,22,85,date '2017-08-25');
insert into studentCourse (StudentId,CourseId,Progress,StartDate) values (48,17,71,date '2017-01-25');
insert into studentCourse (StudentId,CourseId,Progress,StartDate) values (48,74,89,date '2015-01-25');
insert into studentCourse (StudentId,CourseId,Progress,StartDate) values (49,76,65,date '2016-08-25');
insert into studentCourse (StudentId,CourseId,Progress,StartDate) values (49,48,49,date '2017-08-25');
insert into studentCourse (StudentId,CourseId,Progress,StartDate) values (49,70,67,date '2017-01-25');
insert into studentCourse (StudentId,CourseId,Progress,StartDate) values (49,50,82,date '2017-01-25');
insert into studentCourse (StudentId,CourseId,Progress,StartDate) values (50,11,53,date '2014-01-25');
insert into studentCourse (StudentId,CourseId,Progress,StartDate) values (50,10,56,date '2016-01-25');
insert into studentCourse (StudentId,CourseId,Progress,StartDate) values (50,56,90,date '2015-01-25');
insert into studentCourse (StudentId,CourseId,Progress,StartDate) values (50,40,67,date '2017-01-25');




INSERT INTO Advices(Al_id,Sid) VALUES ('H35720033C','1');
INSERT INTO Advices(Al_id,Sid) VALUES ('H35720033C','2');
INSERT INTO Advices(Al_id,Sid) VALUES ('H35720033C','3');
INSERT INTO Advices(Al_id,Sid) VALUES ('H35720033C','12');
INSERT INTO Advices(Al_id,Sid) VALUES ('H35720033C','5');
INSERT INTO Advices(Al_id,Sid) VALUES ('K31526528P','45');
INSERT INTO Advices(Al_id,Sid) VALUES ('K31526528P','34');
INSERT INTO Advices(Al_id,Sid) VALUES ('K31526528P','12');
INSERT INTO Advices(Al_id,Sid) VALUES ('K31526528P','2');
INSERT INTO Advices(Al_id,Sid) VALUES ('K31526528P','1');
INSERT INTO Advices(Al_id,Sid) VALUES ('K31526528P','19');
INSERT INTO Advices(Al_id,Sid) VALUES ('K31526528P','10');
INSERT INTO Advices(Al_id,Sid) VALUES ('E20920087U','14');
INSERT INTO Advices(Al_id,Sid) VALUES ('E20920087U','50');
INSERT INTO Advices(Al_id,Sid) VALUES ('E20920087U','17');
INSERT INTO Advices(Al_id,Sid) VALUES ('E20920087U','16');
INSERT INTO Advices(Al_id,Sid) VALUES ('E20920087U','20');
INSERT INTO Advices(Al_id,Sid) VALUES ('E20920087U','15');
INSERT INTO Advices(Al_id,Sid) VALUES ('G25606092H','34');
INSERT INTO Advices(Al_id,Sid) VALUES ('G25606092H','45');
INSERT INTO Advices(Al_id,Sid) VALUES ('G25606092H','49');
INSERT INTO Advices(Al_id,Sid) VALUES ('G25606092H','13');
INSERT INTO Advices(Al_id,Sid) VALUES ('G25606092H','11');
INSERT INTO Advices(Al_id,Sid) VALUES ('G25606092H','5');
INSERT INTO Advices(Al_id,Sid) VALUES ('I95422097P','25');
INSERT INTO Advices(Al_id,Sid) VALUES ('I95422097P','27');
INSERT INTO Advices(Al_id,Sid) VALUES ('I95422097P','48');
INSERT INTO Advices(Al_id,Sid) VALUES ('I95422097P','38');
INSERT INTO Advices(Al_id,Sid) VALUES ('I95422097P','32');
INSERT INTO Advices(Al_id,Sid) VALUES ('I95422097P','34');
INSERT INTO Advices(Al_id,Sid) VALUES ('I95422097P','15');
INSERT INTO Advices(Al_id,Sid) VALUES ('I95422097P','10');
INSERT INTO Advices(Al_id,Sid) VALUES ('I95422097P','8');
INSERT INTO Advices(Al_id,Sid) VALUES ('I95422097P','16');
INSERT INTO Advices(Al_id,Sid) VALUES ('I95422097P','29');
INSERT INTO Advices(Al_id,Sid) VALUES ('I95422097P','31');
INSERT INTO Advices(Al_id,Sid) VALUES ('J15215061N','14');
INSERT INTO Advices(Al_id,Sid) VALUES ('J15215061N','18');
INSERT INTO Advices(Al_id,Sid) VALUES ('J15215061N','22');
INSERT INTO Advices(Al_id,Sid) VALUES ('J15215061N','26');
INSERT INTO Advices(Al_id,Sid) VALUES ('J15215061N','12');
INSERT INTO Advices(Al_id,Sid) VALUES ('J15215061N','11');
INSERT INTO Advices(Al_id,Sid) VALUES ('Q00910083W','5');
INSERT INTO Advices(Al_id,Sid) VALUES ('Q00910083W','3');
INSERT INTO Advices(Al_id,Sid) VALUES ('Q00910083W','49');
INSERT INTO Advices(Al_id,Sid) VALUES ('Q00910083W','21');
INSERT INTO Advices(Al_id,Sid) VALUES ('Q00910083W','27');
INSERT INTO Advices(Al_id,Sid) VALUES ('Q00910083W','33');
INSERT INTO Advices(Al_id,Sid) VALUES ('Q00910083W','10');
INSERT INTO Advices(Al_id,Sid) VALUES ('TA2070638F','19');
INSERT INTO Advices(Al_id,Sid) VALUES ('TA2070638F','22');
INSERT INTO Advices(Al_id,Sid) VALUES ('TA2070638F','31');
INSERT INTO Advices(Al_id,Sid) VALUES ('TA2070638F','24');
INSERT INTO Advices(Al_id,Sid) VALUES ('TA2070638F','30');
INSERT INTO Advices(Al_id,Sid) VALUES ('TA2070638F','41');
INSERT INTO Advices(Al_id,Sid) VALUES ('TA2070638F','46');
INSERT INTO Advices(Al_id,Sid) VALUES ('R30327038K','2');
INSERT INTO Advices(Al_id,Sid) VALUES ('R30327038K','1');
INSERT INTO Advices(Al_id,Sid) VALUES ('R30327038K','8');
INSERT INTO Advices(Al_id,Sid) VALUES ('R30327038K','12');
INSERT INTO Advices(Al_id,Sid) VALUES ('R30327038K','18');
INSERT INTO Advices(Al_id,Sid) VALUES ('R30327038K','5');
INSERT INTO Advices(Al_id,Sid) VALUES ('U20725076V','9');
INSERT INTO Advices(Al_id,Sid) VALUES ('U20725076V','6');
INSERT INTO Advices(Al_id,Sid) VALUES ('U20725076V','14');
INSERT INTO Advices(Al_id,Sid) VALUES ('U20725076V','24');
INSERT INTO Advices(Al_id,Sid) VALUES ('U20725076V','27');
INSERT INTO Advices(Al_id,Sid) VALUES ('U20725076V','38');
INSERT INTO Advices(Al_id,Sid) VALUES ('I10516177I','42');
INSERT INTO Advices(Al_id,Sid) VALUES ('I10516177I','50');
INSERT INTO Advices(Al_id,Sid) VALUES ('I10516177I','13');
INSERT INTO Advices(Al_id,Sid) VALUES ('I10516177I','22');
INSERT INTO Advices(Al_id,Sid) VALUES ('I10516177I','32');
INSERT INTO Advices(Al_id,Sid) VALUES ('I10516177I','34');
INSERT INTO Advices(Al_id,Sid) VALUES ('G10508086F','10');
INSERT INTO Advices(Al_id,Sid) VALUES ('G10508086F','5');
INSERT INTO Advices(Al_id,Sid) VALUES ('G10508086F','15');
INSERT INTO Advices(Al_id,Sid) VALUES ('G10508086F','18');
INSERT INTO Advices(Al_id,Sid) VALUES ('G10508086F','27');
INSERT INTO Advices(Al_id,Sid) VALUES ('G10508086F','36');
INSERT INTO Advices(Al_id,Sid) VALUES ('G10508086F','41');
INSERT INTO Advices(Al_id,Sid) VALUES ('G10508086F','42');
INSERT INTO Advices(Al_id,Sid) VALUES ('J65423084K','4');
INSERT INTO Advices(Al_id,Sid) VALUES ('J65423084K','3');
INSERT INTO Advices(Al_id,Sid) VALUES ('J65423084K','17');
INSERT INTO Advices(Al_id,Sid) VALUES ('J65423084K','26');
INSERT INTO Advices(Al_id,Sid) VALUES ('J65423084K','47');
INSERT INTO Advices(Al_id,Sid) VALUES ('J65423084K','21');
INSERT INTO Advices(Al_id,Sid) VALUES ('J65423084K','16');
INSERT INTO Advices(Al_id,Sid) VALUES ('L81808502Q','2');
INSERT INTO Advices(Al_id,Sid) VALUES ('L81808502Q','33');
INSERT INTO Advices(Al_id,Sid) VALUES ('L81808502Q','43');
INSERT INTO Advices(Al_id,Sid) VALUES ('L81808502Q','13');
INSERT INTO Advices(Al_id,Sid) VALUES ('L81808502Q','3');
INSERT INTO Advices(Al_id,Sid) VALUES ('L81808502Q','8');
INSERT INTO Advices(Al_id,Sid) VALUES ('L81808502Q','29');
INSERT INTO Advices(Al_id,Sid) VALUES ('L81808502Q','21');
INSERT INTO Advices(Al_id,Sid) VALUES ('L81808502Q','28');
INSERT INTO Advices(Al_id,Sid) VALUES ('H75804083K','1');
INSERT INTO Advices(Al_id,Sid) VALUES ('H75804083K','6');
INSERT INTO Advices(Al_id,Sid) VALUES ('H75804083K','7');
INSERT INTO Advices(Al_id,Sid) VALUES ('H75804083K','9');
INSERT INTO Advices(Al_id,Sid) VALUES ('H75804083K','11');
INSERT INTO Advices(Al_id,Sid) VALUES ('H75804083K','14');
INSERT INTO Advices(Al_id,Sid) VALUES ('H75804083K','15');
INSERT INTO Advices(Al_id,Sid) VALUES ('H75804083K','20');
INSERT INTO Advices(Al_id,Sid) VALUES ('J61813041E','24');
INSERT INTO Advices(Al_id,Sid) VALUES ('J61813041E','25');
INSERT INTO Advices(Al_id,Sid) VALUES ('J61813041E','30');
INSERT INTO Advices(Al_id,Sid) VALUES ('J61813041E','40');
INSERT INTO Advices(Al_id,Sid) VALUES ('J61813041E','34');
INSERT INTO Advices(Al_id,Sid) VALUES ('J61813041E','35');
INSERT INTO Advices(Al_id,Sid) VALUES ('J61813041E','37');
INSERT INTO Advices(Al_id,Sid) VALUES ('J60328009G','39');
INSERT INTO Advices(Al_id,Sid) VALUES ('J60328009G','41');
INSERT INTO Advices(Al_id,Sid) VALUES ('J60328009G','43');
INSERT INTO Advices(Al_id,Sid) VALUES ('J60328009G','44');
INSERT INTO Advices(Al_id,Sid) VALUES ('J60328009G','45');
INSERT INTO Advices(Al_id,Sid) VALUES ('I15417053O','36');
INSERT INTO Advices(Al_id,Sid) VALUES ('I15417053O','2');
INSERT INTO Advices(Al_id,Sid) VALUES ('I15417053O','44');
INSERT INTO Advices(Al_id,Sid) VALUES ('I15417053O','49');
INSERT INTO Advices(Al_id,Sid) VALUES ('I15417053O','50');
INSERT INTO Advices(Al_id,Sid) VALUES ('I15417053O','23');
INSERT INTO Advices(Al_id,Sid) VALUES ('I15417053O','21');
INSERT INTO Advices(Al_id,Sid) VALUES ('I35212059K','20');
INSERT INTO Advices(Al_id,Sid) VALUES ('I35212059K','1');
INSERT INTO Advices(Al_id,Sid) VALUES ('I35212059K','4');
INSERT INTO Advices(Al_id,Sid) VALUES ('I35212059K','12');
INSERT INTO Advices(Al_id,Sid) VALUES ('I35212059K','31');
INSERT INTO Advices(Al_id,Sid) VALUES ('I35212059K','11');
INSERT INTO Advices(Al_id,Sid) VALUES ('I35212059K','15');
INSERT INTO Advices(Al_id,Sid) VALUES ('J46202044J','20');
INSERT INTO Advices(Al_id,Sid) VALUES ('J46202044J','25');
INSERT INTO Advices(Al_id,Sid) VALUES ('J46202044J','35');
INSERT INTO Advices(Al_id,Sid) VALUES ('J46202044J','41');
INSERT INTO Advices(Al_id,Sid) VALUES ('J46202044J','1');
INSERT INTO Advices(Al_id,Sid) VALUES ('J46202044J','9');
INSERT INTO Advices(Al_id,Sid) VALUES ('J46202044J','34');
INSERT INTO Advices(Al_id,Sid) VALUES ('I80624065G','13');
INSERT INTO Advices(Al_id,Sid) VALUES ('I80624065G','23');
INSERT INTO Advices(Al_id,Sid) VALUES ('I80624065G','47');
INSERT INTO Advices(Al_id,Sid) VALUES ('I80624065G','11');
INSERT INTO Advices(Al_id,Sid) VALUES ('I80624065G','18');
INSERT INTO Advices(Al_id,Sid) VALUES ('I80624065G','27');
INSERT INTO Advices(Al_id,Sid) VALUES ('F51116076I','23');
INSERT INTO Advices(Al_id,Sid) VALUES ('F51116076I','24');
INSERT INTO Advices(Al_id,Sid) VALUES ('F51116076I','50');
INSERT INTO Advices(Al_id,Sid) VALUES ('F51116076I','22');
INSERT INTO Advices(Al_id,Sid) VALUES ('H75718188H','14');
INSERT INTO Advices(Al_id,Sid) VALUES ('H75718188H','5');
INSERT INTO Advices(Al_id,Sid) VALUES ('H75718188H','16');
INSERT INTO Advices(Al_id,Sid) VALUES ('H75718188H','3');
INSERT INTO Advices(Al_id,Sid) VALUES ('H75718188H','6');
INSERT INTO Advices(Al_id,Sid) VALUES ('H40529038D','7');
INSERT INTO Advices(Al_id,Sid) VALUES ('H40529038D','10');
INSERT INTO Advices(Al_id,Sid) VALUES ('H40529038D','30');
INSERT INTO Advices(Al_id,Sid) VALUES ('H40529038D','20');
INSERT INTO Advices(Al_id,Sid) VALUES ('H40529038D','8');

 
INSERT INTO college.Alumni VALUES ('H35720033C','Altin','Ndoj', 'altin.ndoj@hotmail.com');
 INSERT INTO college.Alumni VALUES ('K31526528P','Aleks','Laska', 'aleks.laska@hotmail.com');
 INSERT INTO college.Alumni VALUES ('E20920087U','Lindita','Bibaj', 'lindita.bibaj@hotmail.com');
 INSERT INTO college.Alumni VALUES ('G25606092H','Ramandan','Sulejmani', 'ramandan.sulejmani@hotmail.com');
 INSERT INTO college.Alumni VALUES ('I95422097P','Fadil','Dapi', 'fadil.dapi@hotmail.com');
 INSERT INTO college.Alumni VALUES ('J15215061N','Arlind','Bakiu', 'arlind.bakiu@hotmail.com');
 INSERT INTO college.Alumni VALUES ('Q00910083W','Klesta','Salla', 'klesta.salla@hotmail.com');
 INSERT INTO college.Alumni VALUES ('TA2070638F','Fjoralba','Sorra', 'fjoralba.sorra@hotmail.com');
 INSERT INTO college.Alumni VALUES ('R30327038K','Gezim','Xhani', 'gezim.xhani@hotmail.com');
 INSERT INTO college.Alumni VALUES ('U20725076V','Fadil','Hasa', 'fadil.hasa@hotmail.com');
 INSERT INTO college.Alumni VALUES ('I10516177I','Rrapo','Sali', 'rrapo.sali@hotmail.com');
 INSERT INTO college.Alumni VALUES ('G10508086F','Amina','Sinaj', 'amina.sinaj@hotmail.com');
 INSERT INTO college.Alumni VALUES ('J65423084K','Aldo','Isufaj', 'aldo.isufaj@hotmail.com');
 INSERT INTO college.Alumni VALUES ('J60328009G','Dritan','Skerra', 'dritan.skerra@hotmail.com');
 INSERT INTO college.Alumni VALUES ('I15417053O','Ermira','Cobo', 'ermira.coba@hotmail.com');
 INSERT INTO college.Alumni VALUES ('I35212059K','Jon','Cane', 'jon.cane@hotmail.com');
 INSERT INTO college.Alumni VALUES ('J46202044J','Joana','Cero', 'joana.cero@hotmail.com');
 INSERT INTO college.Alumni VALUES ('I80624065G','Luljeta','Meco', 'luljeta.meco@hotmail.com');
 INSERT INTO college.Alumni VALUES ('F51116076I','Dorian','Kurti', 'dorian.kurti@hotmail.com');
 INSERT INTO college.Alumni VALUES ('H75718188H','Dashnor','Hila', 'dashnor.hila@hotmail.com');
 INSERT INTO college.Alumni VALUES ('H40529038D','Rozeta','Koka', 'rozeta.koka@hotmail.com');
 
 


